"CWI64CIY","1","1","http://dbpedia.org/resource/Discount_City http://dbpedia.org/resource/Wal-Mart_Supercentre http://dbpedia.org/resource/Walmart_supercenter http://dbpedia.org/resource/Walmart's http://dbpedia.org/resource/WAL★MART http://dbpedia.org/resource/Wal-Mart_Café http://dbpedia.org/resource/Neighborhood_Market http://dbpedia.org/resource/Wal-Mart_Stores._Inc. http://dbpedia.org/resource/Wal-Mart_Supercenter http://dbpedia.org/resource/Walton's_Five_and_Dime http://dbpedia.org/resource/Wal⋆Mart http://dbpedia.org/resource/Always_Low_Prices,_Always http://dbpedia.org/resource/Walmart_Stores_Inc. http://dbpedia.org/resource/Distribución_y_Servicio http://dbpedia.org/resource/Wa-mart http://dbpedia.org/resource/Wal☆Mart http://dbpedia.org/resource/Wal-Mart_Stores http://dbpedia.org/resource/Wal-Mart_Neighborhood_Markets http://dbpedia.org/resource/Walmart_Connect http://dbpedia.org/resource/Wal-Mart_Cafe http://dbpedia.org/resource/India_walmart http://dbpedia.org/resource/Walmart_soundcheck http://dbpedia.org/resource/Wally_Mart http://dbpedia.org/resource/Supermercado_de_Walmart http://dbpedia.org/resource/Wal_★_Mart http://dbpedia.org/resource/Neighborhood_Market_by_Walmart http://dbpedia.org/resource/Walmart_supercentre http://dbpedia.org/resource/Wal-Mart_Stores,_Inc. http://dbpedia.org/resource/Supermercado_De_Walmart http://dbpedia.org/resource/Wall_mart http://dbpedia.org/resource/WAL-MART http://dbpedia.org/resource/Save_Money._Live_Better. http://dbpedia.org/resource/Wal_mart http://dbpedia.org/resource/Walton_Five_and_Dime http://dbpedia.org/resource/List_of_Wal-Mart_articles http://dbpedia.org/resource/Wal-Mart_Brasil http://dbpedia.org/resource/Wal*Mart http://dbpedia.org/resource/Wal-Mart_Stores_USA http://dbpedia.org/resource/Wal-Mart_Neighborhood_Market http://dbpedia.org/resource/Walmart_Stores_Inc http://dbpedia.org/resource/Wal-Mart_Music http://dbpedia.org/resource/Walmart_Stores,_Inc. http://dbpedia.org/resource/Wall_Mart http://dbpedia.org/resource/Walmart http://dbpedia.org/resource/Wal-Mart_International http://dbpedia.org/resource/Wal-mart http://dbpedia.org/resource/Supermercado_de_Wal-Mart http://dbpedia.org/resource/Walmart_CEO http://dbpedia.org/resource/List_of_Walmart_logos http://dbpedia.org/resource/Wallmart http://dbpedia.org/resource/Walmart_(India) http://dbpedia.org/resource/Super_Wal-Mart http://dbpedia.org/resource/Supermercado_de_Wal_Mart http://dbpedia.org/resource/Wal-Marts http://dbpedia.org/resource/Wal-Mart http://dbpedia.org/resource/Wal-Mart_discount_store http://dbpedia.org/resource/Wal_Mart http://dbpedia.org/resource/Walmart_Supercenter http://dbpedia.org/resource/Walmarts http://dbpedia.org/resource/Wal-Mart_Tire_&_Lube_Express http://dbpedia.org/resource/Walmart_Stores http://dbpedia.org/resource/Walmart_logos_and_trademarks http://dbpedia.org/resource/Radio_Grill http://dbpedia.org/resource/Wal-Mart_Stores_Division_U.S. http://dbpedia.org/resource/Wal*mart http://dbpedia.org/resource/Distribucion_y_Servicio http://dbpedia.org/resource/Super_Walmart http://dbpedia.org/resource/Wal-Mart_Supercenters http://dbpedia.org/resource/Walmart.com http://dbpedia.org/resource/Radiogrill http://dbpedia.org/resource/Walmart_Market http://dbpedia.org/resource/Wal-Mart_Stores_Inc. http://dbpedia.org/resource/Wal-Mart_Stores_Inc http://dbpedia.org/resource/Wal_*_Mart http://dbpedia.org/resource/Walmart* http://dbpedia.org/resource/Wal-Mart_Asia http://dbpedia.org/resource/Largest_retailer http://dbpedia.org/resource/Walmart_Express http://dbpedia.org/resource/Wal-Mart_Associates,_Inc. http://dbpedia.org/resource/Walmart_Latinoamérica http://dbpedia.org/resource/Wal★Mart http://dbpedia.org/resource/Walmart_Brasil http://dbpedia.org/resource/Wal-Mart_Discount_Stores http://dbpedia.org/resource/Wal-Mart_Family_Moments http://dbpedia.org/resource/Wall-Mart http://dbpedia.org/resource/Walmart_Latinoamerica http://dbpedia.org/resource/Wal-Mart_Stores_Incorporated http://dbpedia.org/resource/WalMart"
"CWI64CIY","2","1","http://dbpedia.org/resource/Xinjiang_Oilfield_Company http://dbpedia.org/resource/中國石油天然氣集團公司 http://dbpedia.org/resource/China_National_Petroleum_Corporation http://dbpedia.org/resource/China_National_Petroleum_Corp. http://dbpedia.org/resource/China_Petroleum_Engineering_and_Construction_Corporation http://dbpedia.org/resource/China_Petroleum_Engineering_&_Construction_(Group)_Corporation http://dbpedia.org/resource/China_National_Petroleum_Corp http://dbpedia.org/resource/Xinjiang_Oil_Company http://dbpedia.org/resource/Great_Wall_Drilling http://dbpedia.org/resource/CNPC http://dbpedia.org/resource/Zhongguo_Shiyou_Tianranqi_Jituan_Gongsi http://dbpedia.org/resource/China_National_Petroleum http://dbpedia.org/resource/中国石油天然气集团公司 http://dbpedia.org/resource/Zhōngguó_Shíyóu_Tiānránqì_Jítuán_Gōngsī http://dbpedia.org/resource/China_National_Petroleum_Company"
"CWI64CIY","3","1","http://dbpedia.org/resource/EPacket http://dbpedia.org/resource/China_Post http://dbpedia.org/resource/China_Post_Group http://dbpedia.org/resource/General_Postal_Administration http://dbpedia.org/resource/Chinese_Post_Office"
"CWI64CIY","4","1","http://dbpedia.org/resource/Pylons_of_Pearl_River_Crossing http://dbpedia.org/resource/国家电网公司 http://dbpedia.org/resource/State_Grid_Corporation_of_China http://dbpedia.org/resource/Guójiā_Diànwǎng_Gōngsī http://dbpedia.org/resource/State_Power_Corporation http://dbpedia.org/resource/State_Grid_Corp http://dbpedia.org/resource/State_Power_Grid_Corporation http://dbpedia.org/resource/State_Grid http://dbpedia.org/resource/State_Grid_Corporation http://dbpedia.org/resource/China_State_Grid http://dbpedia.org/resource/國家電網公司 http://dbpedia.org/resource/State_Power_Corporation_of_China http://dbpedia.org/resource/China_State_Grid_Corporation http://dbpedia.org/resource/SGCC"
"CWI64CIY","5","1","http://dbpedia.org/resource/富士康科技集团 http://dbpedia.org/resource/Hon_Hai_Precision_Industry http://dbpedia.org/resource/Foxconn_Technology_Group http://dbpedia.org/resource/Hon_hai http://dbpedia.org/resource/Honhai http://dbpedia.org/resource/Ipod_city http://dbpedia.org/resource/Foxconn_CZ http://dbpedia.org/resource/Hónghǎi_Jīngmì_Gōngyè_Gǔfèn_Yǒuxiàngōngsī http://dbpedia.org/resource/Hon_Hai http://dbpedia.org/resource/FIH_Mobile http://dbpedia.org/resource/富士康科技集團 http://dbpedia.org/resource/Foxconn http://dbpedia.org/resource/Foxconn_Technology_Co. http://dbpedia.org/resource/富士康 http://dbpedia.org/resource/IPod_City http://dbpedia.org/resource/Hónghǎi_Jīngmì_Gōngyè_Gǔfèn_Yǒuxiàn_Gōngsī http://dbpedia.org/resource/Hon_Hai_Precision http://dbpedia.org/resource/Foxconn_Electronics_Inc http://dbpedia.org/resource/Hon_Hai_Group http://dbpedia.org/resource/HonHai http://dbpedia.org/resource/Hon_Hai_Precision_Company http://dbpedia.org/resource/HonHai_Group http://dbpedia.org/resource/鴻海精密工業股份有限公司 http://dbpedia.org/resource/鸿海精密工业股份有限公司"
"CWI64CIY","6","1","http://dbpedia.org/resource/Gas_Auto http://dbpedia.org/resource/V.W. http://dbpedia.org/resource/Das_Auto http://dbpedia.org/resource/V_W http://dbpedia.org/resource/Volkswagen http://dbpedia.org/resource/VW_Motorsport http://dbpedia.org/resource/Volkswagen_R http://dbpedia.org/resource/Volkswagon http://dbpedia.org/resource/Volkswagens http://dbpedia.org/resource/Vw http://dbpedia.org/resource/V.w. http://dbpedia.org/resource/Volkswagen_France http://dbpedia.org/resource/Volkswagen_Roccan http://dbpedia.org/resource/Folkswagon http://dbpedia.org/resource/Folksvagon http://dbpedia.org/resource/VW http://dbpedia.org/resource/Lamando http://dbpedia.org/resource/Volks_wagen http://dbpedia.org/resource/V-Dub"
"CWI64CIY","7","1","http://dbpedia.org/resource/Amazon.com_exclusive http://dbpedia.org/resource/Pinzon_(trademark) http://dbpedia.org/resource/Amazon_Corp. http://dbpedia.org/resource/Amazon.de http://dbpedia.org/resource/Amazon.Com http://dbpedia.org/resource/CreateSpace_Independent_Publishing_Platform http://dbpedia.org/resource/Amazon_dot_com http://dbpedia.org/resource/Amazon+India http://dbpedia.org/resource/Amazon_(website) http://dbpedia.org/resource/Amazon_books http://dbpedia.org/resource/List_of_Amazon.com_subsidiaries http://dbpedia.org/resource/Amazon_Webstore http://dbpedia.org/resource/AmazonWireless http://dbpedia.org/resource/Amazon_UK http://dbpedia.org/resource/Amazon_astore http://dbpedia.org/resource/AStore http://dbpedia.org/resource/Amazon_Connect http://dbpedia.org/resource/Myhabit.com http://dbpedia.org/resource/CreateSpace.com http://dbpedia.org/resource/Look.com http://dbpedia.org/resource/Cadabra.com http://dbpedia.org/resource/Vine.com http://dbpedia.org/resource/Amazon_Affiliates http://dbpedia.org/resource/Amazon.com/ http://dbpedia.org/resource/Amazoncom http://dbpedia.org/resource/Amazon_EU_SARL http://dbpedia.org/resource/Amazon_Inc. http://dbpedia.org/resource/Amazon_(retailer) http://dbpedia.org/resource/Amazon.fr http://dbpedia.org/resource/Amazon.com http://dbpedia.org/resource/Amazon_(company) http://dbpedia.org/resource/Amazon.it http://dbpedia.org/resource/Amazon.in http://dbpedia.org/resource/SoundUnwound.com http://dbpedia.org/resource/BookSurge_LLC http://dbpedia.org/resource/Amazon_(bookstore) http://dbpedia.org/resource/Shopbop http://dbpedia.org/resource/Amazon_store http://dbpedia.org/resource/Amazon_(store) http://dbpedia.org/resource/Amazon.co.jp http://dbpedia.org/resource/Amazon.com,_Inc. http://dbpedia.org/resource/Amazon_Services http://dbpedia.org/resource/Amazon_company http://dbpedia.org/resource/AfterSchool.com http://dbpedia.org/resource/AmazonWebstore http://dbpedia.org/resource/Amazon.co.uk http://dbpedia.org/resource/Amazon.co.UK http://dbpedia.org/resource/Unboxed.com http://dbpedia.org/resource/Sound_Unwound http://dbpedia.org/resource/Amazon.ca http://dbpedia.org/resource/Amazon.com_Inc http://dbpedia.org/resource/Wag.com http://dbpedia.org/resource/Soundunwound.com http://dbpedia.org/resource/Amazon_Local http://dbpedia.org/resource/Amazon_leadership_principles http://dbpedia.org/resource/AMZN http://dbpedia.org/resource/ZShops http://dbpedia.org/resource/Amazon_jp http://dbpedia.org/resource/Amazon_Software_Download http://dbpedia.org/resource/Bookworm.com http://dbpedia.org/resource/Amazon_Com_Inc http://dbpedia.org/resource/CustomFlix http://dbpedia.org/resource/Amazon_Video_Direct http://dbpedia.org/resource/Amazon.com_Incorporated http://dbpedia.org/resource/SoundUnwound http://dbpedia.org/resource/Amazon_Jersey http://dbpedia.org/resource/Amazon_Internet_store http://dbpedia.org/resource/Soundunwound http://dbpedia.org/resource/Amazon_Prime_Day http://dbpedia.org/resource/AmazonBasics http://dbpedia.org/resource/Brilliance_Audio http://dbpedia.org/resource/Amazon_Internet_retailer http://dbpedia.org/resource/AmazonLocal http://dbpedia.org/resource/Booksurge http://dbpedia.org/resource/Amazon.com,_Inc http://dbpedia.org/resource/Casa.com http://dbpedia.org/resource/BeautyBar.com http://dbpedia.org/resource/Amazon_Dot_Com http://dbpedia.org/resource/Amazon_com http://dbpedia.org/resource/Amazon_Game_Studios http://dbpedia.org/resource/Sound_unwound http://dbpedia.org/resource/Amazon_Japan http://dbpedia.org/resource/Amazon_Digital_Services http://dbpedia.org/resource/Www.amazon.com http://dbpedia.org/resource/Amazon_(online) http://dbpedia.org/resource/Amazon.com_Inc. http://dbpedia.org/resource/Yoyo.com http://dbpedia.org/resource/Indigo_Starfish"
"CWI64CIY","8","1","http://dbpedia.org/resource/China_Petrochemical_Corporation http://dbpedia.org/resource/Sinopec_Group"
"CWI64CIY","9","1","http://dbpedia.org/resource/Chartwells http://dbpedia.org/resource/Compass_Group_North_American_Division http://dbpedia.org/resource/Compass_Group_NAD http://dbpedia.org/resource/COMPASS_Group http://dbpedia.org/resource/Compass_Group_plc http://dbpedia.org/resource/Restaurant_Associates http://dbpedia.org/resource/Compass_Group http://dbpedia.org/resource/Compass_Group_PLC http://dbpedia.org/resource/Medirest"
"CWI64CIY","10","1","http://dbpedia.org/resource/US_Post http://dbpedia.org/resource/U.S.P.S. http://dbpedia.org/resource/US_Post_Office_Department http://dbpedia.org/resource/U._S._Mail http://dbpedia.org/resource/U.S._Post_Office_Building http://dbpedia.org/resource/Uspostalservice http://dbpedia.org/resource/USPS http://dbpedia.org/resource/United_States_postal_service http://dbpedia.org/resource/International_service_center_(ISC) http://dbpedia.org/resource/Media_mail http://dbpedia.org/resource/US_Post_Office,_Old http://dbpedia.org/resource/U.S._Post_Office http://dbpedia.org/resource/US_Postal_Service http://dbpedia.org/resource/US_Post_Office http://dbpedia.org/resource/US_mail http://dbpedia.org/resource/Usps.gov http://dbpedia.org/resource/U._S._Post_Office http://dbpedia.org/resource/Processing_and_distribution_center http://dbpedia.org/resource/M-bag http://dbpedia.org/resource/US_Postal http://dbpedia.org/resource/US_Post_Office-Downtown_Station http://dbpedia.org/resource/U.S._Postal_Office http://dbpedia.org/resource/U.S._Mail http://dbpedia.org/resource/Usps http://dbpedia.org/resource/Postal_Building http://dbpedia.org/resource/Delivery_confirmation http://dbpedia.org/resource/United_States_post_office http://dbpedia.org/resource/USPS_(disambiguation) http://dbpedia.org/resource/US_Postal_service http://dbpedia.org/resource/The_U.S._Postal_Service http://dbpedia.org/resource/US_postal_service http://dbpedia.org/resource/United_States_Post_Office http://dbpedia.org/resource/U.S._Post http://dbpedia.org/resource/United_States_mail http://dbpedia.org/resource/Issue_(postal_service) http://dbpedia.org/resource/American_postal_service http://dbpedia.org/resource/US_Mail http://dbpedia.org/resource/U_S_Post_Office http://dbpedia.org/resource/Processing_and_Distribution_Center http://dbpedia.org/resource/US_Post_Office_(disambiguation) http://dbpedia.org/resource/U.S._mail http://dbpedia.org/resource/United_States_Postal_Service http://dbpedia.org/resource/Usps.com http://dbpedia.org/resource/United_States_Mail_Service http://dbpedia.org/resource/U.S._Postal_Service http://dbpedia.org/resource/Electronic_stamp http://dbpedia.org/resource/Priority_mail http://dbpedia.org/resource/US_Mail_Service"
"CWI64CIY","1","2","http://dbpedia.org/resource/EE.UU. http://dbpedia.org/resource/The_Unites_States_of_America http://dbpedia.org/resource/United_Staets_of_America http://dbpedia.org/resource/Name_of_the_United_States http://dbpedia.org/resource/The_united_states_of_america http://dbpedia.org/resource/The_U.S. http://dbpedia.org/resource/United_States_of_American http://dbpedia.org/resource/Unitesd_states http://dbpedia.org/resource/Nagkaisang_mga_Estado http://dbpedia.org/resource/United_States_of_America_(USA) http://dbpedia.org/resource/VS_America http://dbpedia.org/resource/United_States_of_America/Introduction http://dbpedia.org/resource/The_Us http://dbpedia.org/resource/(USA) http://dbpedia.org/resource/United_States_of_America_(U.S.A.) http://dbpedia.org/resource/USA http://dbpedia.org/resource/The_USA http://dbpedia.org/resource/États-Unis_d'Amérique http://dbpedia.org/resource/These_United_States_of_America http://dbpedia.org/resource/Unietd_States http://dbpedia.org/resource/Stati_Uniti_d'America http://dbpedia.org/resource/American_occupation_of_the_United_States http://dbpedia.org/resource/U,S, http://dbpedia.org/resource/États-Unis http://dbpedia.org/resource/Americia http://dbpedia.org/resource/United_States_America http://dbpedia.org/resource/Estados_Unidos http://dbpedia.org/resource/USofA http://dbpedia.org/resource/V.S._Amerika http://dbpedia.org/resource/U.S._of_A. http://dbpedia.org/resource/Los_Estados_Unidos http://dbpedia.org/resource/America_(United_States_of) http://dbpedia.org/resource/Amerka http://dbpedia.org/resource/Estados_Unidos_de_America http://dbpedia.org/resource/United_States_of_America/OldPage http://dbpedia.org/resource/THE_AMERICAN_UNITED_STATES http://dbpedia.org/resource/EE_UU http://dbpedia.org/resource/America_(USA) http://dbpedia.org/resource/United_States http://dbpedia.org/resource/United_Sates http://dbpedia.org/resource/Usa http://dbpedia.org/resource/United_States_Of_Amerca http://dbpedia.org/resource/Vereinigte_Staaten http://dbpedia.org/resource/U.S._A http://dbpedia.org/resource/Unites_States http://dbpedia.org/resource/UNITED_STATES http://dbpedia.org/resource/The_United_States_Of_America http://dbpedia.org/resource/US_of_A http://dbpedia.org/resource/EEUU http://dbpedia.org/resource/United_States_of_America_(redirect) http://dbpedia.org/resource/America,_United_States_of http://dbpedia.org/resource/United_states_of_america http://dbpedia.org/resource/U.S. http://dbpedia.org/resource/States_of_America http://dbpedia.org/resource/Etymology_of_the_United_States http://dbpedia.org/resource/United-States http://dbpedia.org/resource/United_sates http://dbpedia.org/resource/Untied_States_of_America http://dbpedia.org/resource/United_states_of_America http://dbpedia.org/resource/Estados_Unidos_de_América http://dbpedia.org/resource/U._S._A. http://dbpedia.org/resource/United_Stated http://dbpedia.org/resource/Estaos_Unios http://dbpedia.org/resource/United_state_of_america http://dbpedia.org/resource/United_states http://dbpedia.org/resource/U.S http://dbpedia.org/resource/UNITED_STATES_OF_AMERICA http://dbpedia.org/resource/V.S._America http://dbpedia.org/resource/Nited_States http://dbpedia.org/resource/U_S_A http://dbpedia.org/resource/Americaland http://dbpedia.org/resource/(US) http://dbpedia.org/resource/United_State_of_America http://dbpedia.org/resource/Amurica http://dbpedia.org/resource/EE._UU. http://dbpedia.org/resource/U._S._of_A. http://dbpedia.org/resource/U.S._OF_A http://dbpedia.org/resource/U.s. http://dbpedia.org/resource/'murica http://dbpedia.org/resource/VS_Amerika http://dbpedia.org/resource/United_States_(of_America) http://dbpedia.org/resource/Untied_States http://dbpedia.org/resource/America_(country) http://dbpedia.org/resource/Amarica http://dbpedia.org/resource/Unite_states_of_america http://dbpedia.org/resource/US_America http://dbpedia.org/resource/Amercia http://dbpedia.org/resource/United_States_of_America http://dbpedia.org/resource/Unitd_states http://dbpedia.org/resource/United_States_(US) http://dbpedia.org/resource/Unite_States http://dbpedia.org/resource/U.S.A. http://dbpedia.org/resource/United_States_(U.S.) http://dbpedia.org/resource/THE_UNITED_STATES_OF_AMERICA http://dbpedia.org/resource/Us_of_a http://dbpedia.org/resource/Estaos_Uníos http://dbpedia.org/resource/Americophile http://dbpedia.org/resource/Amurika http://dbpedia.org/resource/The_United_States_of_America http://dbpedia.org/resource/Estatos_Unitos http://dbpedia.org/resource/US_of_America http://dbpedia.org/resource/Estados_unidos http://dbpedia.org/resource/U.S.A.) http://dbpedia.org/resource/United+States+of+America http://dbpedia.org/resource/The_US_of_A http://dbpedia.org/resource/America_(US) http://dbpedia.org/resource/USoA http://dbpedia.org/resource/U._S. http://dbpedia.org/resource/The_United_States http://dbpedia.org/resource/U.S._of_A http://dbpedia.org/resource/U.s.a. http://dbpedia.org/resource/America_(United_States) http://dbpedia.org/resource/United_States_of_America. http://dbpedia.org/resource/Etats-Unis http://dbpedia.org/resource/The_US_of_America http://dbpedia.org/resource/U.S.A http://dbpedia.org/resource/United_States_(country) http://dbpedia.org/resource/US http://dbpedia.org/resource/Amiercan http://dbpedia.org/resource/The_Usa http://dbpedia.org/resource/United_States_Of_America http://dbpedia.org/resource/UNited_States http://dbpedia.org/resource/U_S http://dbpedia.org/resource/UnitedStates http://dbpedia.org/resource/Los_Estados_Unidos_de_América http://dbpedia.org/resource/The_US http://dbpedia.org/resource/ISO_3166-1:US http://dbpedia.org/resource/U.S._of_America http://dbpedia.org/resource/The_United_States_of_America. http://dbpedia.org/resource/U.S._America http://dbpedia.org/resource/United+States http://dbpedia.org/resource/US_(country) http://dbpedia.org/resource/US_of_america http://dbpedia.org/resource/'merica http://dbpedia.org/resource/The_US_of_america http://dbpedia.org/resource/Federal_United_States http://dbpedia.org/resource/Etats-Unis_d'Amerique http://dbpedia.org/resource/United_States_(U.S.A.) http://dbpedia.org/resource/American_United_States http://dbpedia.org/resource/America http://dbpedia.org/resource/U.S.American http://dbpedia.org/resource/United_States/Introduction http://dbpedia.org/resource/The_U._States_of_America http://dbpedia.org/resource/US_and_A"
"CWI64CIY","2","2","http://dbpedia.org/resource/Zhonghua_renmin_gongheguo http://dbpedia.org/resource/People's_republic_of_china http://dbpedia.org/resource/Zhonghua_Renmin_Gongheguo http://dbpedia.org/resource/People's_Republic_of_China_(Mainland_China) http://dbpedia.org/resource/Territorial_disputes_of_China http://dbpedia.org/resource/China_People's_Republic http://dbpedia.org/resource/People'_s_Republic_of_China http://dbpedia.org/resource/Zhonghua_Renmin_Gonghe_Guo http://dbpedia.org/resource/Modern_day_China http://dbpedia.org/resource/(The_People's_Republic_of)_China http://dbpedia.org/resource/Zhong_Guo http://dbpedia.org/resource/PR_China http://dbpedia.org/resource/China,_PRC http://dbpedia.org/resource/Land_of_China http://dbpedia.org/resource/China_(Beijing) http://dbpedia.org/resource/China_(PRC) http://dbpedia.org/resource/Zhongguo http://dbpedia.org/resource/China_(People's_Republic) http://dbpedia.org/resource/Nation_of_China http://dbpedia.org/resource/Chungkuo http://dbpedia.org/resource/中华人民共和国 http://dbpedia.org/resource/Chung-kuo http://dbpedia.org/resource/People's_Republic_or_China http://dbpedia.org/resource/The_PRC http://dbpedia.org/resource/China_(nation) http://dbpedia.org/resource/PRC http://dbpedia.org/resource/Zhonghuá_rénmín_gònghéguó http://dbpedia.org/resource/China http://dbpedia.org/resource/People's_Republic_of_China http://dbpedia.org/resource/State_of_China http://dbpedia.org/resource/Peoples_republic_of_china http://dbpedia.org/resource/Sinic http://dbpedia.org/resource/The_prc http://dbpedia.org/resource/The_People's_Republic_of_China http://dbpedia.org/resource/China,_People's_Republic_of http://dbpedia.org/resource/CHINA http://dbpedia.org/resource/China's http://dbpedia.org/resource/Pr_of_china http://dbpedia.org/resource/P._R._of_China http://dbpedia.org/resource/Socialist_China http://dbpedia.org/resource/The_people's_republic_of_china http://dbpedia.org/resource/Peoples_Republic_of_China http://dbpedia.org/resource/中華人民共和國 http://dbpedia.org/resource/中國 http://dbpedia.org/resource/P.R._China http://dbpedia.org/resource/Chaina http://dbpedia.org/resource/P._R._China http://dbpedia.org/resource/People's_Republic_Of_China http://dbpedia.org/resource/P.r._of_china http://dbpedia.org/resource/Pr_china http://dbpedia.org/resource/Peoples_republic_of_China http://dbpedia.org/resource/PRChina http://dbpedia.org/resource/P.R.C. http://dbpedia.org/resource/Chinese_PR http://dbpedia.org/resource/Pr_of_c http://dbpedia.org/resource/PRoC http://dbpedia.org/resource/People'_Republic_of_China http://dbpedia.org/resource/Chung-Kuo http://dbpedia.org/resource/Chinese_People's_Republic http://dbpedia.org/resource/People's_repuublic_of_china http://dbpedia.org/resource/P.R._of_CHINA http://dbpedia.org/resource/PR_of_China http://dbpedia.org/resource/Zhōnghuá_Rénmín_Gònghéguó http://dbpedia.org/resource/People's_Republic_of_China_(PRC) http://dbpedia.org/resource/China_PRC http://dbpedia.org/resource/Zhonghuarenmingongheguo http://dbpedia.org/resource/China,_the_People's_Republic_of http://dbpedia.org/resource/Red_China_(modern) http://dbpedia.org/resource/中国 http://dbpedia.org/resource/Zhōngguó http://dbpedia.org/resource/China_(Peking) http://dbpedia.org/resource/中華 http://dbpedia.org/resource/The_Peoples_Republic_of_China http://dbpedia.org/resource/Communist_China_(modern) http://dbpedia.org/resource/ISO_3166-1:CN http://dbpedia.org/resource/Peoples'_Republic_of_China http://dbpedia.org/resource/Red_Chinese http://dbpedia.org/resource/PRC_(China) http://dbpedia.org/resource/Jhongguó http://dbpedia.org/resource/P.R._of_China http://dbpedia.org/resource/China_PR http://dbpedia.org/resource/People’s_Republic_of_China http://dbpedia.org/resource/Prc http://dbpedia.org/resource/The_People’s_Republic_of_China http://dbpedia.org/resource/P.R.China http://dbpedia.org/resource/中华 http://dbpedia.org/resource/Cihna http://dbpedia.org/resource/PROC http://dbpedia.org/resource/Zhongguó http://dbpedia.org/resource/People's_republic_of_China"
"CWI64CIY","3","2","http://dbpedia.org/resource/Zhonghua_renmin_gongheguo http://dbpedia.org/resource/People's_republic_of_china http://dbpedia.org/resource/Zhonghua_Renmin_Gongheguo http://dbpedia.org/resource/People's_Republic_of_China_(Mainland_China) http://dbpedia.org/resource/Territorial_disputes_of_China http://dbpedia.org/resource/China_People's_Republic http://dbpedia.org/resource/People'_s_Republic_of_China http://dbpedia.org/resource/Zhonghua_Renmin_Gonghe_Guo http://dbpedia.org/resource/Modern_day_China http://dbpedia.org/resource/(The_People's_Republic_of)_China http://dbpedia.org/resource/Zhong_Guo http://dbpedia.org/resource/PR_China http://dbpedia.org/resource/China,_PRC http://dbpedia.org/resource/Land_of_China http://dbpedia.org/resource/China_(Beijing) http://dbpedia.org/resource/China_(PRC) http://dbpedia.org/resource/Zhongguo http://dbpedia.org/resource/China_(People's_Republic) http://dbpedia.org/resource/Nation_of_China http://dbpedia.org/resource/Chungkuo http://dbpedia.org/resource/中华人民共和国 http://dbpedia.org/resource/Chung-kuo http://dbpedia.org/resource/People's_Republic_or_China http://dbpedia.org/resource/The_PRC http://dbpedia.org/resource/China_(nation) http://dbpedia.org/resource/PRC http://dbpedia.org/resource/Zhonghuá_rénmín_gònghéguó http://dbpedia.org/resource/China http://dbpedia.org/resource/People's_Republic_of_China http://dbpedia.org/resource/State_of_China http://dbpedia.org/resource/Peoples_republic_of_china http://dbpedia.org/resource/Sinic http://dbpedia.org/resource/The_prc http://dbpedia.org/resource/The_People's_Republic_of_China http://dbpedia.org/resource/China,_People's_Republic_of http://dbpedia.org/resource/CHINA http://dbpedia.org/resource/China's http://dbpedia.org/resource/Pr_of_china http://dbpedia.org/resource/P._R._of_China http://dbpedia.org/resource/Socialist_China http://dbpedia.org/resource/The_people's_republic_of_china http://dbpedia.org/resource/Peoples_Republic_of_China http://dbpedia.org/resource/中華人民共和國 http://dbpedia.org/resource/中國 http://dbpedia.org/resource/P.R._China http://dbpedia.org/resource/Chaina http://dbpedia.org/resource/P._R._China http://dbpedia.org/resource/People's_Republic_Of_China http://dbpedia.org/resource/P.r._of_china http://dbpedia.org/resource/Pr_china http://dbpedia.org/resource/Peoples_republic_of_China http://dbpedia.org/resource/PRChina http://dbpedia.org/resource/P.R.C. http://dbpedia.org/resource/Chinese_PR http://dbpedia.org/resource/Pr_of_c http://dbpedia.org/resource/PRoC http://dbpedia.org/resource/People'_Republic_of_China http://dbpedia.org/resource/Chung-Kuo http://dbpedia.org/resource/Chinese_People's_Republic http://dbpedia.org/resource/People's_repuublic_of_china http://dbpedia.org/resource/P.R._of_CHINA http://dbpedia.org/resource/PR_of_China http://dbpedia.org/resource/Zhōnghuá_Rénmín_Gònghéguó http://dbpedia.org/resource/People's_Republic_of_China_(PRC) http://dbpedia.org/resource/China_PRC http://dbpedia.org/resource/Zhonghuarenmingongheguo http://dbpedia.org/resource/China,_the_People's_Republic_of http://dbpedia.org/resource/Red_China_(modern) http://dbpedia.org/resource/中国 http://dbpedia.org/resource/Zhōngguó http://dbpedia.org/resource/China_(Peking) http://dbpedia.org/resource/中華 http://dbpedia.org/resource/The_Peoples_Republic_of_China http://dbpedia.org/resource/Communist_China_(modern) http://dbpedia.org/resource/ISO_3166-1:CN http://dbpedia.org/resource/Peoples'_Republic_of_China http://dbpedia.org/resource/Red_Chinese http://dbpedia.org/resource/PRC_(China) http://dbpedia.org/resource/Jhongguó http://dbpedia.org/resource/P.R._of_China http://dbpedia.org/resource/China_PR http://dbpedia.org/resource/People’s_Republic_of_China http://dbpedia.org/resource/Prc http://dbpedia.org/resource/The_People’s_Republic_of_China http://dbpedia.org/resource/P.R.China http://dbpedia.org/resource/中华 http://dbpedia.org/resource/Cihna http://dbpedia.org/resource/PROC http://dbpedia.org/resource/Zhongguó http://dbpedia.org/resource/People's_republic_of_China"
"CWI64CIY","4","2","http://dbpedia.org/resource/Zhonghua_renmin_gongheguo http://dbpedia.org/resource/People's_republic_of_china http://dbpedia.org/resource/Zhonghua_Renmin_Gongheguo http://dbpedia.org/resource/People's_Republic_of_China_(Mainland_China) http://dbpedia.org/resource/Territorial_disputes_of_China http://dbpedia.org/resource/China_People's_Republic http://dbpedia.org/resource/People'_s_Republic_of_China http://dbpedia.org/resource/Zhonghua_Renmin_Gonghe_Guo http://dbpedia.org/resource/Modern_day_China http://dbpedia.org/resource/(The_People's_Republic_of)_China http://dbpedia.org/resource/Zhong_Guo http://dbpedia.org/resource/PR_China http://dbpedia.org/resource/China,_PRC http://dbpedia.org/resource/Land_of_China http://dbpedia.org/resource/China_(Beijing) http://dbpedia.org/resource/China_(PRC) http://dbpedia.org/resource/Zhongguo http://dbpedia.org/resource/China_(People's_Republic) http://dbpedia.org/resource/Nation_of_China http://dbpedia.org/resource/Chungkuo http://dbpedia.org/resource/中华人民共和国 http://dbpedia.org/resource/Chung-kuo http://dbpedia.org/resource/People's_Republic_or_China http://dbpedia.org/resource/The_PRC http://dbpedia.org/resource/China_(nation) http://dbpedia.org/resource/PRC http://dbpedia.org/resource/Zhonghuá_rénmín_gònghéguó http://dbpedia.org/resource/China http://dbpedia.org/resource/People's_Republic_of_China http://dbpedia.org/resource/State_of_China http://dbpedia.org/resource/Peoples_republic_of_china http://dbpedia.org/resource/Sinic http://dbpedia.org/resource/The_prc http://dbpedia.org/resource/The_People's_Republic_of_China http://dbpedia.org/resource/China,_People's_Republic_of http://dbpedia.org/resource/CHINA http://dbpedia.org/resource/China's http://dbpedia.org/resource/Pr_of_china http://dbpedia.org/resource/P._R._of_China http://dbpedia.org/resource/Socialist_China http://dbpedia.org/resource/The_people's_republic_of_china http://dbpedia.org/resource/Peoples_Republic_of_China http://dbpedia.org/resource/中華人民共和國 http://dbpedia.org/resource/中國 http://dbpedia.org/resource/P.R._China http://dbpedia.org/resource/Chaina http://dbpedia.org/resource/P._R._China http://dbpedia.org/resource/People's_Republic_Of_China http://dbpedia.org/resource/P.r._of_china http://dbpedia.org/resource/Pr_china http://dbpedia.org/resource/Peoples_republic_of_China http://dbpedia.org/resource/PRChina http://dbpedia.org/resource/P.R.C. http://dbpedia.org/resource/Chinese_PR http://dbpedia.org/resource/Pr_of_c http://dbpedia.org/resource/PRoC http://dbpedia.org/resource/People'_Republic_of_China http://dbpedia.org/resource/Chung-Kuo http://dbpedia.org/resource/Chinese_People's_Republic http://dbpedia.org/resource/People's_repuublic_of_china http://dbpedia.org/resource/P.R._of_CHINA http://dbpedia.org/resource/PR_of_China http://dbpedia.org/resource/Zhōnghuá_Rénmín_Gònghéguó http://dbpedia.org/resource/People's_Republic_of_China_(PRC) http://dbpedia.org/resource/China_PRC http://dbpedia.org/resource/Zhonghuarenmingongheguo http://dbpedia.org/resource/China,_the_People's_Republic_of http://dbpedia.org/resource/Red_China_(modern) http://dbpedia.org/resource/中国 http://dbpedia.org/resource/Zhōngguó http://dbpedia.org/resource/China_(Peking) http://dbpedia.org/resource/中華 http://dbpedia.org/resource/The_Peoples_Republic_of_China http://dbpedia.org/resource/Communist_China_(modern) http://dbpedia.org/resource/ISO_3166-1:CN http://dbpedia.org/resource/Peoples'_Republic_of_China http://dbpedia.org/resource/Red_Chinese http://dbpedia.org/resource/PRC_(China) http://dbpedia.org/resource/Jhongguó http://dbpedia.org/resource/P.R._of_China http://dbpedia.org/resource/China_PR http://dbpedia.org/resource/People’s_Republic_of_China http://dbpedia.org/resource/Prc http://dbpedia.org/resource/The_People’s_Republic_of_China http://dbpedia.org/resource/P.R.China http://dbpedia.org/resource/中华 http://dbpedia.org/resource/Cihna http://dbpedia.org/resource/PROC http://dbpedia.org/resource/Zhongguó http://dbpedia.org/resource/People's_republic_of_China"
"CWI64CIY","5","2","http://dbpedia.org/resource/Táiwān http://dbpedia.org/resource/Taiwan_country http://dbpedia.org/resource/Zhōnghuá_Mínguó http://dbpedia.org/resource/Chung-hua_Min-kuo http://dbpedia.org/resource/Chung-Hua_Min-Kuo http://dbpedia.org/resource/台湾 http://dbpedia.org/resource/Taiwan_(state) http://dbpedia.org/resource/RoC http://dbpedia.org/resource/Jhonghua_Minguo http://dbpedia.org/resource/Republic_of_china http://dbpedia.org/resource/中华民国 http://dbpedia.org/resource/Zhonghua_Minguo http://dbpedia.org/resource/The_Republic_of_China http://dbpedia.org/resource/Taioaan http://dbpedia.org/resource/臺灣 http://dbpedia.org/resource/Tâi-oân http://dbpedia.org/resource/Republic_Of_China http://dbpedia.org/resource/ISO_3166-1:TW http://dbpedia.org/resource/Chūka_Minkoku http://dbpedia.org/resource/Taiwan_(ROC) http://dbpedia.org/resource/Republic_of_China(Taiwan) http://dbpedia.org/resource/中華民國台灣 http://dbpedia.org/resource/Táiwan http://dbpedia.org/resource/Republic_of_China_(ROC) http://dbpedia.org/resource/JhongHuá_MínGuó http://dbpedia.org/resource/R.O._China http://dbpedia.org/resource/Taiwan,_Republic_of_China http://dbpedia.org/resource/China_(Republic_:_1949-) http://dbpedia.org/resource/Tawan http://dbpedia.org/resource/Zhōnghuá_Mín'guó http://dbpedia.org/resource/Republic_of_China_(R.O.C.) http://dbpedia.org/resource/Free_China_(modern) http://dbpedia.org/resource/ROC_(China) http://dbpedia.org/resource/Chunghwaminkuo http://dbpedia.org/resource/TPKM http://dbpedia.org/resource/China_(Taipei) http://dbpedia.org/resource/Taiwan_(nation) http://dbpedia.org/resource/Republic_of_China_(1945-71) http://dbpedia.org/resource/Chung_Min_Kuo http://dbpedia.org/resource/China_(ROC) http://dbpedia.org/resource/China,_Republic_of_(Taiwan) http://dbpedia.org/resource/RO_China http://dbpedia.org/resource/Jhong-hua_Min-guo http://dbpedia.org/resource/Republic_China http://dbpedia.org/resource/Republic_of_China_(1949-present) http://dbpedia.org/resource/TAIWAN http://dbpedia.org/resource/Ts'ai_Tai-wan_te_Chung-hua_Min-kuo http://dbpedia.org/resource/中華民國 http://dbpedia.org/resource/Taiwan_Country http://dbpedia.org/resource/Taiwan_ROC http://dbpedia.org/resource/R.o.China http://dbpedia.org/resource/Republic_of_China http://dbpedia.org/resource/Taiwan http://dbpedia.org/resource/China,_Republic_of http://dbpedia.org/resource/Tawian http://dbpedia.org/resource/Taiwan_(Republic_of_China) http://dbpedia.org/resource/Tai-oan http://dbpedia.org/resource/Chunghwa_Republic http://dbpedia.org/resource/Chuka_Minkoku http://dbpedia.org/resource/Republic_of_CHina http://dbpedia.org/resource/Tiawan http://dbpedia.org/resource/Jhonghuá_Mínguó http://dbpedia.org/resource/T'aiwan http://dbpedia.org/resource/China_(Republic_of) http://dbpedia.org/resource/Taioan http://dbpedia.org/resource/China_(Taiwan) http://dbpedia.org/resource/Ilha_formosa http://dbpedia.org/resource/Republic_of_China/Taiwan http://dbpedia.org/resource/Republic_of_China_(Taiwan) http://dbpedia.org/resource/R_China http://dbpedia.org/resource/R.O.C http://dbpedia.org/resource/Chunghua_Minkuo http://dbpedia.org/resource/Taïwan http://dbpedia.org/resource/China,_the_Republic_of http://dbpedia.org/resource/The_R.O.C. http://dbpedia.org/resource/Republic_of_China_(1949–present) http://dbpedia.org/resource/台灣 http://dbpedia.org/resource/Zhonghuá_Mínguó http://dbpedia.org/resource/Tai-Wan http://dbpedia.org/resource/Taiwan_(country) http://dbpedia.org/resource/JhongHua_MinGuo http://dbpedia.org/resource/Chunghwa_Minkuo http://dbpedia.org/resource/Republic_of_China,_Taiwan http://dbpedia.org/resource/Taiwan,_ROC"
"CWI64CIY","6","2","http://dbpedia.org/resource/Federal_Republic_Of_Germany http://dbpedia.org/resource/Bundesdeutsch http://dbpedia.org/resource/Deutchland http://dbpedia.org/resource/Geramny http://dbpedia.org/resource/Nimska http://dbpedia.org/resource/Interesting_facts_of_germany http://dbpedia.org/resource/Tyskland http://dbpedia.org/resource/Germny http://dbpedia.org/resource/Duitsland http://dbpedia.org/resource/Thyskaland http://dbpedia.org/resource/GerMany http://dbpedia.org/resource/Deuchland http://dbpedia.org/resource/Almanya http://dbpedia.org/resource/Interesting_Facts_of_Germany http://dbpedia.org/resource/Germeny http://dbpedia.org/resource/Niemcy http://dbpedia.org/resource/GermanY http://dbpedia.org/resource/Foederal_Republic_of_Germany http://dbpedia.org/resource/FR_Germany http://dbpedia.org/resource/Land_der_Dichter_und_Denker http://dbpedia.org/resource/Etymology_of_Germany http://dbpedia.org/resource/Düütschland http://dbpedia.org/resource/BR_Deutschland http://dbpedia.org/resource/F.R._Germany http://dbpedia.org/resource/Bundesrepublik_Deutschland http://dbpedia.org/resource/Federal_Republic_of_Germany http://dbpedia.org/resource/Teutonica http://dbpedia.org/resource/Germanio http://dbpedia.org/resource/ISO_3166-1:DE http://dbpedia.org/resource/THyskaland http://dbpedia.org/resource/GERMANY http://dbpedia.org/resource/Nemska http://dbpedia.org/resource/Deutschland http://dbpedia.org/resource/Jermany http://dbpedia.org/resource/Němska http://dbpedia.org/resource/Alemanha http://dbpedia.org/resource/Vokietija http://dbpedia.org/resource/Germany"
"CWI64CIY","7","2","http://dbpedia.org/resource/EE.UU. http://dbpedia.org/resource/The_Unites_States_of_America http://dbpedia.org/resource/United_Staets_of_America http://dbpedia.org/resource/Name_of_the_United_States http://dbpedia.org/resource/The_united_states_of_america http://dbpedia.org/resource/The_U.S. http://dbpedia.org/resource/United_States_of_American http://dbpedia.org/resource/Unitesd_states http://dbpedia.org/resource/Nagkaisang_mga_Estado http://dbpedia.org/resource/United_States_of_America_(USA) http://dbpedia.org/resource/VS_America http://dbpedia.org/resource/United_States_of_America/Introduction http://dbpedia.org/resource/The_Us http://dbpedia.org/resource/(USA) http://dbpedia.org/resource/United_States_of_America_(U.S.A.) http://dbpedia.org/resource/USA http://dbpedia.org/resource/The_USA http://dbpedia.org/resource/États-Unis_d'Amérique http://dbpedia.org/resource/These_United_States_of_America http://dbpedia.org/resource/Unietd_States http://dbpedia.org/resource/Stati_Uniti_d'America http://dbpedia.org/resource/American_occupation_of_the_United_States http://dbpedia.org/resource/U,S, http://dbpedia.org/resource/États-Unis http://dbpedia.org/resource/Americia http://dbpedia.org/resource/United_States_America http://dbpedia.org/resource/Estados_Unidos http://dbpedia.org/resource/USofA http://dbpedia.org/resource/V.S._Amerika http://dbpedia.org/resource/U.S._of_A. http://dbpedia.org/resource/Los_Estados_Unidos http://dbpedia.org/resource/America_(United_States_of) http://dbpedia.org/resource/Amerka http://dbpedia.org/resource/Estados_Unidos_de_America http://dbpedia.org/resource/United_States_of_America/OldPage http://dbpedia.org/resource/THE_AMERICAN_UNITED_STATES http://dbpedia.org/resource/EE_UU http://dbpedia.org/resource/America_(USA) http://dbpedia.org/resource/United_States http://dbpedia.org/resource/United_Sates http://dbpedia.org/resource/Usa http://dbpedia.org/resource/United_States_Of_Amerca http://dbpedia.org/resource/Vereinigte_Staaten http://dbpedia.org/resource/U.S._A http://dbpedia.org/resource/Unites_States http://dbpedia.org/resource/UNITED_STATES http://dbpedia.org/resource/The_United_States_Of_America http://dbpedia.org/resource/US_of_A http://dbpedia.org/resource/EEUU http://dbpedia.org/resource/United_States_of_America_(redirect) http://dbpedia.org/resource/America,_United_States_of http://dbpedia.org/resource/United_states_of_america http://dbpedia.org/resource/U.S. http://dbpedia.org/resource/States_of_America http://dbpedia.org/resource/Etymology_of_the_United_States http://dbpedia.org/resource/United-States http://dbpedia.org/resource/United_sates http://dbpedia.org/resource/Untied_States_of_America http://dbpedia.org/resource/United_states_of_America http://dbpedia.org/resource/Estados_Unidos_de_América http://dbpedia.org/resource/U._S._A. http://dbpedia.org/resource/United_Stated http://dbpedia.org/resource/Estaos_Unios http://dbpedia.org/resource/United_state_of_america http://dbpedia.org/resource/United_states http://dbpedia.org/resource/U.S http://dbpedia.org/resource/UNITED_STATES_OF_AMERICA http://dbpedia.org/resource/V.S._America http://dbpedia.org/resource/Nited_States http://dbpedia.org/resource/U_S_A http://dbpedia.org/resource/Americaland http://dbpedia.org/resource/(US) http://dbpedia.org/resource/United_State_of_America http://dbpedia.org/resource/Amurica http://dbpedia.org/resource/EE._UU. http://dbpedia.org/resource/U._S._of_A. http://dbpedia.org/resource/U.S._OF_A http://dbpedia.org/resource/U.s. http://dbpedia.org/resource/'murica http://dbpedia.org/resource/VS_Amerika http://dbpedia.org/resource/United_States_(of_America) http://dbpedia.org/resource/Untied_States http://dbpedia.org/resource/America_(country) http://dbpedia.org/resource/Amarica http://dbpedia.org/resource/Unite_states_of_america http://dbpedia.org/resource/US_America http://dbpedia.org/resource/Amercia http://dbpedia.org/resource/United_States_of_America http://dbpedia.org/resource/Unitd_states http://dbpedia.org/resource/United_States_(US) http://dbpedia.org/resource/Unite_States http://dbpedia.org/resource/U.S.A. http://dbpedia.org/resource/United_States_(U.S.) http://dbpedia.org/resource/THE_UNITED_STATES_OF_AMERICA http://dbpedia.org/resource/Us_of_a http://dbpedia.org/resource/Estaos_Uníos http://dbpedia.org/resource/Americophile http://dbpedia.org/resource/Amurika http://dbpedia.org/resource/The_United_States_of_America http://dbpedia.org/resource/Estatos_Unitos http://dbpedia.org/resource/US_of_America http://dbpedia.org/resource/Estados_unidos http://dbpedia.org/resource/U.S.A.) http://dbpedia.org/resource/United+States+of+America http://dbpedia.org/resource/The_US_of_A http://dbpedia.org/resource/America_(US) http://dbpedia.org/resource/USoA http://dbpedia.org/resource/U._S. http://dbpedia.org/resource/The_United_States http://dbpedia.org/resource/U.S._of_A http://dbpedia.org/resource/U.s.a. http://dbpedia.org/resource/America_(United_States) http://dbpedia.org/resource/United_States_of_America. http://dbpedia.org/resource/Etats-Unis http://dbpedia.org/resource/The_US_of_America http://dbpedia.org/resource/U.S.A http://dbpedia.org/resource/United_States_(country) http://dbpedia.org/resource/US http://dbpedia.org/resource/Amiercan http://dbpedia.org/resource/The_Usa http://dbpedia.org/resource/United_States_Of_America http://dbpedia.org/resource/UNited_States http://dbpedia.org/resource/U_S http://dbpedia.org/resource/UnitedStates http://dbpedia.org/resource/Los_Estados_Unidos_de_América http://dbpedia.org/resource/The_US http://dbpedia.org/resource/ISO_3166-1:US http://dbpedia.org/resource/U.S._of_America http://dbpedia.org/resource/The_United_States_of_America. http://dbpedia.org/resource/U.S._America http://dbpedia.org/resource/United+States http://dbpedia.org/resource/US_(country) http://dbpedia.org/resource/US_of_america http://dbpedia.org/resource/'merica http://dbpedia.org/resource/The_US_of_america http://dbpedia.org/resource/Federal_United_States http://dbpedia.org/resource/Etats-Unis_d'Amerique http://dbpedia.org/resource/United_States_(U.S.A.) http://dbpedia.org/resource/American_United_States http://dbpedia.org/resource/America http://dbpedia.org/resource/U.S.American http://dbpedia.org/resource/United_States/Introduction http://dbpedia.org/resource/The_U._States_of_America http://dbpedia.org/resource/US_and_A"
"CWI64CIY","8","2","http://dbpedia.org/resource/Zhonghua_renmin_gongheguo http://dbpedia.org/resource/People's_republic_of_china http://dbpedia.org/resource/Zhonghua_Renmin_Gongheguo http://dbpedia.org/resource/People's_Republic_of_China_(Mainland_China) http://dbpedia.org/resource/Territorial_disputes_of_China http://dbpedia.org/resource/China_People's_Republic http://dbpedia.org/resource/People'_s_Republic_of_China http://dbpedia.org/resource/Zhonghua_Renmin_Gonghe_Guo http://dbpedia.org/resource/Modern_day_China http://dbpedia.org/resource/(The_People's_Republic_of)_China http://dbpedia.org/resource/Zhong_Guo http://dbpedia.org/resource/PR_China http://dbpedia.org/resource/China,_PRC http://dbpedia.org/resource/Land_of_China http://dbpedia.org/resource/China_(Beijing) http://dbpedia.org/resource/China_(PRC) http://dbpedia.org/resource/Zhongguo http://dbpedia.org/resource/China_(People's_Republic) http://dbpedia.org/resource/Nation_of_China http://dbpedia.org/resource/Chungkuo http://dbpedia.org/resource/中华人民共和国 http://dbpedia.org/resource/Chung-kuo http://dbpedia.org/resource/People's_Republic_or_China http://dbpedia.org/resource/The_PRC http://dbpedia.org/resource/China_(nation) http://dbpedia.org/resource/PRC http://dbpedia.org/resource/Zhonghuá_rénmín_gònghéguó http://dbpedia.org/resource/China http://dbpedia.org/resource/People's_Republic_of_China http://dbpedia.org/resource/State_of_China http://dbpedia.org/resource/Peoples_republic_of_china http://dbpedia.org/resource/Sinic http://dbpedia.org/resource/The_prc http://dbpedia.org/resource/The_People's_Republic_of_China http://dbpedia.org/resource/China,_People's_Republic_of http://dbpedia.org/resource/CHINA http://dbpedia.org/resource/China's http://dbpedia.org/resource/Pr_of_china http://dbpedia.org/resource/P._R._of_China http://dbpedia.org/resource/Socialist_China http://dbpedia.org/resource/The_people's_republic_of_china http://dbpedia.org/resource/Peoples_Republic_of_China http://dbpedia.org/resource/中華人民共和國 http://dbpedia.org/resource/中國 http://dbpedia.org/resource/P.R._China http://dbpedia.org/resource/Chaina http://dbpedia.org/resource/P._R._China http://dbpedia.org/resource/People's_Republic_Of_China http://dbpedia.org/resource/P.r._of_china http://dbpedia.org/resource/Pr_china http://dbpedia.org/resource/Peoples_republic_of_China http://dbpedia.org/resource/PRChina http://dbpedia.org/resource/P.R.C. http://dbpedia.org/resource/Chinese_PR http://dbpedia.org/resource/Pr_of_c http://dbpedia.org/resource/PRoC http://dbpedia.org/resource/People'_Republic_of_China http://dbpedia.org/resource/Chung-Kuo http://dbpedia.org/resource/Chinese_People's_Republic http://dbpedia.org/resource/People's_repuublic_of_china http://dbpedia.org/resource/P.R._of_CHINA http://dbpedia.org/resource/PR_of_China http://dbpedia.org/resource/Zhōnghuá_Rénmín_Gònghéguó http://dbpedia.org/resource/People's_Republic_of_China_(PRC) http://dbpedia.org/resource/China_PRC http://dbpedia.org/resource/Zhonghuarenmingongheguo http://dbpedia.org/resource/China,_the_People's_Republic_of http://dbpedia.org/resource/Red_China_(modern) http://dbpedia.org/resource/中国 http://dbpedia.org/resource/Zhōngguó http://dbpedia.org/resource/China_(Peking) http://dbpedia.org/resource/中華 http://dbpedia.org/resource/The_Peoples_Republic_of_China http://dbpedia.org/resource/Communist_China_(modern) http://dbpedia.org/resource/ISO_3166-1:CN http://dbpedia.org/resource/Peoples'_Republic_of_China http://dbpedia.org/resource/Red_Chinese http://dbpedia.org/resource/PRC_(China) http://dbpedia.org/resource/Jhongguó http://dbpedia.org/resource/P.R._of_China http://dbpedia.org/resource/China_PR http://dbpedia.org/resource/People’s_Republic_of_China http://dbpedia.org/resource/Prc http://dbpedia.org/resource/The_People’s_Republic_of_China http://dbpedia.org/resource/P.R.China http://dbpedia.org/resource/中华 http://dbpedia.org/resource/Cihna http://dbpedia.org/resource/PROC http://dbpedia.org/resource/Zhongguó http://dbpedia.org/resource/People's_republic_of_China"
"CWI64CIY","9","2","http://dbpedia.org/resource/The_uk http://dbpedia.org/resource/United_Kingdon http://dbpedia.org/resource/UNited_Kingdom http://dbpedia.org/resource/United_Kingdom_of_Great_Britain_and_Northern_Island http://dbpedia.org/resource/United_Kingdom_of_Great_Britain_and_Northern_Ireland http://dbpedia.org/resource/United-Kingdom http://dbpedia.org/resource/U.K. http://dbpedia.org/resource/Great_Britain_and_Ulster http://dbpedia.org/resource/Regno_Unito http://dbpedia.org/resource/Great_Britain_(1801-present) http://dbpedia.org/resource/U_K http://dbpedia.org/resource/United_Kingdom_of_Britain http://dbpedia.org/resource/U.-K. http://dbpedia.org/resource/United_Kingdom http://dbpedia.org/resource/TUKOGBANI http://dbpedia.org/resource/ISO_3166-1:GB http://dbpedia.org/resource/The_United_Kingdom_of_Great_Britain_&_Ulster http://dbpedia.org/resource/United_kingdom_of_great_britain_and_northern_ireland http://dbpedia.org/resource/Britain_(state) http://dbpedia.org/resource/Vereinigtes_Königreich http://dbpedia.org/resource/The_UK http://dbpedia.org/resource/UKofGBNI http://dbpedia.org/resource/Uk. http://dbpedia.org/resource/UK_(country) http://dbpedia.org/resource/Uk http://dbpedia.org/resource/British_United_Kingdom http://dbpedia.org/resource/UnitedKingdom http://dbpedia.org/resource/UN/LOCODE:TRANK http://dbpedia.org/resource/Etymology_of_the_United_Kingdom http://dbpedia.org/resource/UKOGBANI http://dbpedia.org/resource/United_Kingdom_(country) http://dbpedia.org/resource/United_Kingom http://dbpedia.org/resource/U.K http://dbpedia.org/resource/United_Kindgom http://dbpedia.org/resource/United_kingdom http://dbpedia.org/resource/The_United_Kingdom_of_Great_Britain_and_Northern_Ireland http://dbpedia.org/resource/United_Kindom http://dbpedia.org/resource/UK's http://dbpedia.org/resource/Verenigd_Koninkrijk http://dbpedia.org/resource/Royaume_Uni http://dbpedia.org/resource/United_Kingdom_(state) http://dbpedia.org/resource/The_U.K. http://dbpedia.org/resource/United_Kingdom_of_Great_Britain_and_Ulster http://dbpedia.org/resource/UKoGBaNI http://dbpedia.org/resource/Great_britain_and_northern_ireland http://dbpedia.org/resource/U._K._G._B._N._I. http://dbpedia.org/resource/United_Kingdom_(UK) http://dbpedia.org/resource/United_kingom http://dbpedia.org/resource/United_Kingsom http://dbpedia.org/resource/The_United_Kingdom http://dbpedia.org/resource/UK_of_GB_and_NI http://dbpedia.org/resource/Great_Britain_&_Ulster http://dbpedia.org/resource/Great_Britain_and_Northern_Ireland http://dbpedia.org/resource/UKGBNI http://dbpedia.org/resource/United_Kingdom_of_Great_Britain_&_Ulster http://dbpedia.org/resource/UKGB http://dbpedia.org/resource/Untied_Kingdom http://dbpedia.org/resource/Britain_(country) http://dbpedia.org/resource/United_Kingdom_of_Great_Britain_and_North_Ireland http://dbpedia.org/resource/UNITED_KINGDOM http://dbpedia.org/resource/Great_Britain_(1801–present) http://dbpedia.org/resource/UK_(state) http://dbpedia.org/resource/Kingdom_of_Great_Britain_and_Northern_Ireland http://dbpedia.org/resource/United_Kingdom_(U.K.) http://dbpedia.org/resource/United_Kingdom, http://dbpedia.org/resource/U.K.G.B.N.I. http://dbpedia.org/resource/Y_Deyrnas_Unedig http://dbpedia.org/resource/U.k. http://dbpedia.org/resource/United_Kingdom_of_Great_Britain_&_Northern_Ireland http://dbpedia.org/resource/Great_Britain_(country) http://dbpedia.org/resource/United_Kingdom's http://dbpedia.org/resource/U-K http://dbpedia.org/resource/UKGBR http://dbpedia.org/resource/British_state http://dbpedia.org/resource/UK_of_GB_&_NI http://dbpedia.org/resource/UK http://dbpedia.org/resource/Royaume-Uni http://dbpedia.org/resource/UKia http://dbpedia.org/resource/British_State http://dbpedia.org/resource/Reino_Unido"
"CWI64CIY","10","2","http://dbpedia.org/resource/EE.UU. http://dbpedia.org/resource/The_Unites_States_of_America http://dbpedia.org/resource/United_Staets_of_America http://dbpedia.org/resource/Name_of_the_United_States http://dbpedia.org/resource/The_united_states_of_america http://dbpedia.org/resource/The_U.S. http://dbpedia.org/resource/United_States_of_American http://dbpedia.org/resource/Unitesd_states http://dbpedia.org/resource/Nagkaisang_mga_Estado http://dbpedia.org/resource/United_States_of_America_(USA) http://dbpedia.org/resource/VS_America http://dbpedia.org/resource/United_States_of_America/Introduction http://dbpedia.org/resource/The_Us http://dbpedia.org/resource/(USA) http://dbpedia.org/resource/United_States_of_America_(U.S.A.) http://dbpedia.org/resource/USA http://dbpedia.org/resource/The_USA http://dbpedia.org/resource/États-Unis_d'Amérique http://dbpedia.org/resource/These_United_States_of_America http://dbpedia.org/resource/Unietd_States http://dbpedia.org/resource/Stati_Uniti_d'America http://dbpedia.org/resource/American_occupation_of_the_United_States http://dbpedia.org/resource/U,S, http://dbpedia.org/resource/États-Unis http://dbpedia.org/resource/Americia http://dbpedia.org/resource/United_States_America http://dbpedia.org/resource/Estados_Unidos http://dbpedia.org/resource/USofA http://dbpedia.org/resource/V.S._Amerika http://dbpedia.org/resource/U.S._of_A. http://dbpedia.org/resource/Los_Estados_Unidos http://dbpedia.org/resource/America_(United_States_of) http://dbpedia.org/resource/Amerka http://dbpedia.org/resource/Estados_Unidos_de_America http://dbpedia.org/resource/United_States_of_America/OldPage http://dbpedia.org/resource/THE_AMERICAN_UNITED_STATES http://dbpedia.org/resource/EE_UU http://dbpedia.org/resource/America_(USA) http://dbpedia.org/resource/United_States http://dbpedia.org/resource/United_Sates http://dbpedia.org/resource/Usa http://dbpedia.org/resource/United_States_Of_Amerca http://dbpedia.org/resource/Vereinigte_Staaten http://dbpedia.org/resource/U.S._A http://dbpedia.org/resource/Unites_States http://dbpedia.org/resource/UNITED_STATES http://dbpedia.org/resource/The_United_States_Of_America http://dbpedia.org/resource/US_of_A http://dbpedia.org/resource/EEUU http://dbpedia.org/resource/United_States_of_America_(redirect) http://dbpedia.org/resource/America,_United_States_of http://dbpedia.org/resource/United_states_of_america http://dbpedia.org/resource/U.S. http://dbpedia.org/resource/States_of_America http://dbpedia.org/resource/Etymology_of_the_United_States http://dbpedia.org/resource/United-States http://dbpedia.org/resource/United_sates http://dbpedia.org/resource/Untied_States_of_America http://dbpedia.org/resource/United_states_of_America http://dbpedia.org/resource/Estados_Unidos_de_América http://dbpedia.org/resource/U._S._A. http://dbpedia.org/resource/United_Stated http://dbpedia.org/resource/Estaos_Unios http://dbpedia.org/resource/United_state_of_america http://dbpedia.org/resource/United_states http://dbpedia.org/resource/U.S http://dbpedia.org/resource/UNITED_STATES_OF_AMERICA http://dbpedia.org/resource/V.S._America http://dbpedia.org/resource/Nited_States http://dbpedia.org/resource/U_S_A http://dbpedia.org/resource/Americaland http://dbpedia.org/resource/(US) http://dbpedia.org/resource/United_State_of_America http://dbpedia.org/resource/Amurica http://dbpedia.org/resource/EE._UU. http://dbpedia.org/resource/U._S._of_A. http://dbpedia.org/resource/U.S._OF_A http://dbpedia.org/resource/U.s. http://dbpedia.org/resource/'murica http://dbpedia.org/resource/VS_Amerika http://dbpedia.org/resource/United_States_(of_America) http://dbpedia.org/resource/Untied_States http://dbpedia.org/resource/America_(country) http://dbpedia.org/resource/Amarica http://dbpedia.org/resource/Unite_states_of_america http://dbpedia.org/resource/US_America http://dbpedia.org/resource/Amercia http://dbpedia.org/resource/United_States_of_America http://dbpedia.org/resource/Unitd_states http://dbpedia.org/resource/United_States_(US) http://dbpedia.org/resource/Unite_States http://dbpedia.org/resource/U.S.A. http://dbpedia.org/resource/United_States_(U.S.) http://dbpedia.org/resource/THE_UNITED_STATES_OF_AMERICA http://dbpedia.org/resource/Us_of_a http://dbpedia.org/resource/Estaos_Uníos http://dbpedia.org/resource/Americophile http://dbpedia.org/resource/Amurika http://dbpedia.org/resource/The_United_States_of_America http://dbpedia.org/resource/Estatos_Unitos http://dbpedia.org/resource/US_of_America http://dbpedia.org/resource/Estados_unidos http://dbpedia.org/resource/U.S.A.) http://dbpedia.org/resource/United+States+of+America http://dbpedia.org/resource/The_US_of_A http://dbpedia.org/resource/America_(US) http://dbpedia.org/resource/USoA http://dbpedia.org/resource/U._S. http://dbpedia.org/resource/The_United_States http://dbpedia.org/resource/U.S._of_A http://dbpedia.org/resource/U.s.a. http://dbpedia.org/resource/America_(United_States) http://dbpedia.org/resource/United_States_of_America. http://dbpedia.org/resource/Etats-Unis http://dbpedia.org/resource/The_US_of_America http://dbpedia.org/resource/U.S.A http://dbpedia.org/resource/United_States_(country) http://dbpedia.org/resource/US http://dbpedia.org/resource/Amiercan http://dbpedia.org/resource/The_Usa http://dbpedia.org/resource/United_States_Of_America http://dbpedia.org/resource/UNited_States http://dbpedia.org/resource/U_S http://dbpedia.org/resource/UnitedStates http://dbpedia.org/resource/Los_Estados_Unidos_de_América http://dbpedia.org/resource/The_US http://dbpedia.org/resource/ISO_3166-1:US http://dbpedia.org/resource/U.S._of_America http://dbpedia.org/resource/The_United_States_of_America. http://dbpedia.org/resource/U.S._America http://dbpedia.org/resource/United+States http://dbpedia.org/resource/US_(country) http://dbpedia.org/resource/US_of_america http://dbpedia.org/resource/'merica http://dbpedia.org/resource/The_US_of_america http://dbpedia.org/resource/Federal_United_States http://dbpedia.org/resource/Etats-Unis_d'Amerique http://dbpedia.org/resource/United_States_(U.S.A.) http://dbpedia.org/resource/American_United_States http://dbpedia.org/resource/America http://dbpedia.org/resource/U.S.American http://dbpedia.org/resource/United_States/Introduction http://dbpedia.org/resource/The_U._States_of_America http://dbpedia.org/resource/US_and_A"
